ZETBNB Token (ZETBNB),ZETBNB,https://bscscan.com/token/0xb89add4a17eadb084a065f9cace752a268dab8b3,4.5 secs,3 days 16 mins ago,0.0079%,"$11,747","$3,259,464","$1,809","$11,747",3339.68%
LegalCoin (Legal),Legal,https://bscscan.com/token/0xd440873c4bcb8d301e17beb8af2a8d850972e605,7.2 hours,4 days 9 hrs ago,0.0000%,"$8,967","$124,434","$9,995","$8,967",1291.45%
SafeMeme (SME),SME,https://bscscan.com/token/0x36dbcbca106353d49e1e0e8974492ffb862a0c92,6.0 secs,2 days 16 hrs ago,0.1191%,"$18,398,138","$12,118,710","$1,539,682","$18,398,138",-1.81%
Pancake LPs (Cake-L...),Cake-L...,https://bscscan.com/token/0x4cc442220be1ce560c1f2573f8ca8f460b3e4172,3.1 mins,23 days 38 mins ago,0.0001%,,,,,
Mummy Token (Mummy),Mummy,https://bscscan.com/token/0x6238bce7aae6a693e4463e5ac6b5b3227e104e0b,12.0 secs,5 days 3 hrs ago,0.0039%,"$25,785","$133,711","$91,452","$25,785",17.3%
GatorSwap To... (Gator),Gator,https://bscscan.com/token/0x88371dec00bc3543231e01089c3dc6d94289d4af,2.3 secs,1 day 2 hrs ago,0.0118%,"$722,378","$849,537","$1,025,104","$722,378",-67.63%
hoodrat.fina... (HOODRA...),HOODRA...,https://bscscan.com/token/0xb54a58cdc7d3fefd93ea4454e0c1a23da8bedc6f,2.2 mins,3 days 20 hrs ago,0.1929%,"$311,430","$2,193,052","$407,323","$311,430",44.52%
FreeRealEsta... (FREAL),FREAL,https://bscscan.com/token/0xb37b7aed2aa2f8019f5dcbf718dfc44a683a0660,6.0 secs,7 hrs 37 mins ago,0.1239%,$540,"$5,313","$2,647",$540,0%
sloth token (sloth),sloth,https://bscscan.com/token/0xacf12aa729c7d6f45f7c116dd369930c6d46b584,5.0 mins,8 days 9 hrs ago,0.0012%,"$16,134","$15,790","$14,786","$16,134",-61.89%
ACryptoS MDX... (acsMDX),acsMDX,https://bscscan.com/token/0x5e4993a09609ebca7f038e3f66c8f97059563690,4.5 mins,14 days 22 hrs ago,0.0097%,,,,,
